keyword,region,text,created_at,source,sentiment_label,sentiment_score
,,班长 答疑 答疑 班长 你好 本科 广东 工业 大学 专业 计算机科学 技术 大三 雅思 两段 厂 实习 若干 奖学金 港三和范有 机会 哭 惹 哭 惹 香港 留学 香港 研究生,,,,0
,,广东 工业 大学 超话 朱令 去世 金亚 视频 介绍 微博 视频,,,,0
,,广东 工业 大学 超话 听说 金亚 教授 华南理工大学 投诉 隔壁 广工 是因为 广工 校长 清华大学 届 化学系 邱学青 广工 创始人 孙越崎,,,,0
,,广东 工业 大学 超话 朱令 去世 美国 媒体 报道 朱令案 出自 知名 华裔 记者 李 佳佳,,,,0
,,广东 工业 大学 超话 朱令 去世 薛刚 李含琳 薛刚 李含琳 夫妇 最新进展 两个 领英 主页 清空 更多人 同事 上司 两个 工作 变动 波士顿 华人 打听 打听,,,,0
,,广东 工业 大学 超话 朱令 去世 年 五一 假期 宿舍 盗窃案 前 发生,,,,0
,,广东 工业 大学 超话 有偿 求 会计 专硕 复试 资料,,,,0
,,广东 工业 大学 超话 朱令 去世 孙 茉莉 指望 国内 媒体 挖掘 信息 当好 搬运工 不错,,,,0
,,广东 工业 大学 超话 小红书 说 这段话 违规,,,,0
,,广东 工业 大学 超话 不到 铊 被判 死刑 猫猫 又爔 爔 微 博 视频,,,,0
,,广东 工业 大学 超话 朱令 去世 英语 学习 之意 驱逐 违法者 递解 出境,,,,0
,,广东 工业 大学 超话 朱令 去世 孙 茉莉 多方 爆料 当年 北京警方 调查 中 图书馆 铊 相关 书籍 提取 孙维孙释 颜 指纹,,,,0
,,广东 工业 大学 超话 朱令 去世 孙 茉莉 油管 发 两期 视频 多点 赞 评论 区 补充 信息,,,,0
,,广东 工业 大学 超话 朱令 去世 朱令 四十五年 作者 李 佳佳 发 悼念 文 标题 中国 第一个 广为流传 犯罪 故事,,,,0
,,广东 工业 大学 超话 清华大学,,,,0
,,广东 工业 大学 超话 轮到 铊 施行 枪决,,,,0
,,广东 工业 大学 超话 热度 降 每日 一贴,,,,0
,,广东 工业 大学 超话 长夜难明,,,,0
,,广东 工业 大学 超话 金亚 兽 说说话 装孙子 土鳖 笑话,,,,0
,,广东 工业 大学 超话 天该 亮,,,,0
,,广东 工业 大学 超话 天该 亮,,,,0
,,广东 工业 大学 超话 令令 真 好看,,,,0
,,广东 工业 大学 超话 两个 名字 话题 不行 建个 孙 茉莉 新 词条,,,,0
,,广东 工业 大学 超话 删帖 词条 追踪 事件 朱令 去世 词条 朱令 名字 阅读 量 涉及 铊 党 铊 党 名字 金亚 李含琳 薛刚,,,,0
,,广东 工业 大学 超话 风 广工 相约 盛夏 网页 链接,,,,0
,,广东 工业 大学 超话 朱令 去世 民 乐团 同学 回忆 朱令,,,,0
,,广东 工业 大学 考研 超话 考研 分数线 真的 会降,,,,0
,,广东 工业 大学 超话 年 美国 网友 白宫 网站 发起 请愿 美国政府 调查 遣返 孙维 短短 三天 请愿 签名 突破 舆论 风暴 愈演愈烈 孙维 被迫 离开 美国 迁居 澳大利亚 希望 澳洲 政府 心存 正义 人民 联名 遣返 回国 嫌疑人 洗清 清白 负 法律责任 多年 好人 背负 背负着 投毒 嫌疑人 罪名 坏人 逍遥法外 多年 真相 大白,,,,0
,,广东 工业 大学 超话 朱令 去世 朱令案 折射 人性 极致 善 恶 世界 变得 美好 一点点,,,,0
,,广东 工业 大学 超话 年 物化 二班 童宇峰 提出 全班 写 联名信 两会 重启 调查 金亚 潘峰 薛刚 高菲 几人 不停 提出 修改意见 写封信 拖到 两会 会后 几个 人则 销声匿迹 参与 签名 提意见,,,,0
,,广州 平价 民宿 推荐 侘 寂 风 轻工业 私人 影院 地铁口 尊嘟 惊艳 轻工业 石 灰色 干净 显 质感 巨幕 投影 高清 独立 卫浴 环境 干净 位置 靠近 龙洞 地铁站 植物园 地铁站 隔壁 广东 工业 大学 龙洞 校区 坐地铁 广州 塔 北京路 步行街 天河城 地址 广州 天河区 迎龙路 号 木鸟 民宿 软件 搜索 找到啦 广州 民宿 超话 广州 旅行 超话 民宿 微博去 旅行,,,,0
,,广东 工业 大学 超话 谷歌 地图 评论 区 科普 孙维 事迹 正义 网友 攻陷,,,,0
,,广东 工业 大学 超话 朱令 去世 打死 装 麻袋 放,,,,0
,,广东 工业 大学 携手 中学 共育 拔尖 创新 人才 广东 工业 大学 这段 经历 埋下 理想 种子 引领 科技 创新 道路 披荆斩棘 广州市 花都区 秀全 中学 学生 黄佳乐 由衷 感慨 前不久 广东省 湛江市 湛江 第一 中学 汕头市 潮阳 实验学校 广州市 执信 中学 中学 名 高中生 走进 广东 工业 大学 参加 为期 天 创享 社 萌芽 计划 科创 冬令营 简称 科创 冬令营 广东 工业 大学 充分发挥 广工 华为 鲲鹏 昇 开发者 创享 社 平台 资源 国家级 创新 创业 教育 实践 基地 工大 创谷 国家级 集成电路 设计 产业 学院 创新 创业 人才培养 特色 科创 优势 高校 高中 共育 学校 组织 高中生 营员 走进 工大 创谷 创新 创业 优秀成果 中 感受 科技 创新 勃勃生机 营员们 聆听 科技前沿 讲座 走访 知名企业 芯片 发展 历史 中 探索 芯片 设计 制造 无穷 奥秘 学校 邀请 营员 参与 集成电路 创新 设计 实践 机器人 激光 打印 实践 操作 中 体验 高端 工程技术 产品化 生活化 独特 魅力 极致 精密 高端 设备 高度 自动化 流水线 感受 智能 制造 时代 强音 广东 工业 大学 党委 常委 副 校级 干部 张 学理 学校 勇担 党 育人 为国 育才 使命 自觉 肩负起 服务 高水平 科技 自立自强 重任 中学 联手 配合 打牢 基础教育 基点 抓住 高等教育 龙头 有意识 培养 具备 科学素养 创新能力 人才 科创 冬令营 创新 基因 根植 学生 血脉 之中 学生 树立 远大理想 报国 情怀 潮阳 实验学校 副校长 郑楚坚 冬令营 成功 举办 中学生 创新 素养 培养 实践 能力 提升 意义 高校 高中 共育 拔尖 创新 人才 生动 实践 广东 工业 大学 年 月 首次 举办 创享 社 萌芽 计划 科创 夏令营 本次 科创 冬令营 推动 萌芽 计划 持续 升温 青少年 体验 探索 科技 创新 奥秘 培养 科技 强国 理想 情怀 作者 许金镇 蒋佳琪 李成 瑶 刘盾,,,,0
,,广东 工业 大学 超话,,,,0
,,广东 工业 大学 超话 当狗 请 外国人 评判 祝 便秘 鸭 微博 视频,,,,0
,,广东 工业 大学 超话,,,,0
,,广东 工业 大学 超话,,,,0
,,广东 工业 大学 超话 正义,,,,0
,,广东 工业 大学 超话 吴谢宇 重庆 姐妹 坠亡案 凶犯 处决 轮到 铊,,,,0
,,广东 工业 大学 超话 铊 哥 孙晓辰 说谎 张口 化学 专业 本科生 研发 手机,,,,0
,,南有 广东 工业 大学 北有 河北农业大学,,,,0
,,广东 工业 大学 超话,,,,0
,,广东 工业 大学 超话 朱令 去世 永远 记住 意气风发 样子,,,,0
,,广东 工业 大学 超话 广工 官博 发博 不让 评论 无视,,,,0
,,广东 工业 大学 超话 两只 小猫 科普 孙维 事迹 微博 视频,,,,0
,,广东 工业 大学 超话 朱令 去世 孙维 面相 刻薄 年轻人 满脸横肉 大妈,,,,0
,,广东 工业 大学 超话 朱令 去世 最新 报道 国内 社媒 努力 审核 孙维 帖子 社媒 指 感觉 信息 传播 没太 删帖 官方 意志 搞,,,,0
,,会计 专硕 超话 有偿 求 广东 工业 大学 复试 资料,,,,0
,,广东 工业 大学 超话 广工 祝福 回母校 寒假 名广 工人 组建 支 团队 分赴 省市 自治区 高中 寒假 回访 母校 招生 宣传 活动 相约 广工 逐梦 未来 期许,,,,0
,,广东 工业 大学 超话 寻找 校园 招聘 信息 职场 前景 感到 好奇 希望 求职 建议 校招 资讯 共享 群 平台 提供 最新 校园 招聘 动态 简历 面试 技巧 分享 行业 内部 人士 经验交流 独家 求职 资源 工具 互助 支持 社群 环境 求职 路 孤单 扫描 下方 二维码 开启 职业 发展 新篇章,,,,0
,,广东 工业 大学 超话 老妖 婆子 新闻,,,,0
,,广东 工业 大学 超话 一首 用心良苦 送给 孙维孙释 颜 微博 视频,,,,0
,,广东 工业 大学 超话 金亚 老师 维维 酱 乖不乖 死 死,,,,0
,,广东 工业 大学 超话 广工 藏污纳垢 好意思,,,,0
,,广东 工业 大学 超话 天该 亮,,,,0
,,广东 工业 大学 超话 猫 好人 坏,,,,0
,,广东 工业 大学 超话 天该 亮,,,,0
,,广东 工业 大学 超话 正义,,,,0
,,广东 工业 大学 超话 金亚 兽 说说话 装孙子,,,,0
,,广东 工业 大学 超话 朱令 去世 印度 媒体 报道 恭喜 世界 巨星,,,,0
,,广东 工业 大学 超话 说 想要 逃 注定 落脚 祝 便秘 鸭 微博 视频,,,,0
,,广东 工业 大学 超话,,,,0
,,广东 工业 大学 超话 简单 案子 缺破 澳洲 发抖 邻居,,,,0
,,广东 工业 大学 超话 金牙 娘子 全球 巨星 走 两步,,,,0
,,广东 工业 大学 超话 孙维 澳洲 邻居 研究 朱令案 查资料 发现 朱令 四个 月 里 中毒 孙维是 室友 中 唯一 接触 铊 邻居 懵,,,,0
,,广东 工业 大学 超话 朱令 去世 知名 媒体 朱令 去世 时 发过 新闻,,,,0
,,听 一点 八卦 铊 妈 二 婚嫁 铊 家 地位 依赖 铊 时代 圈子里 谁家 孩子 成绩 面子 铊 小时候 成绩 不错 太差 进 清华 活受罪 得力于 铊 爹 宣传 楼 铊 学习 铊 高考 成绩 远不如 朱令 铊 英语 真的 铊 惯 无法无天 爱 显摆 清华 民 乐团 捐款 数千元 几年 几千元 毕业生 北京 半年 工资,,,,0
,,广东 工业 大学 超话 抄 作业 咯,,,,0
,,广东 工业 大学 超话 金牙 娘子 全球 巨星 走 两步,,,,0
,,广东 工业 大学 超话 迎面 走开 铊 杀 天团 从左到右 李含琳 金亚 孙维 王琪 黄开胜 薛刚,,,,0
,,广东 工业 大学 超话 孙维 澳洲 邻居 研究 朱令案 查资料 发现 朱令 四个 月 里 中毒 孙维是 室友 中 唯一 接触 铊 邻居 懵,,,,0
,,广东 工业 大学 超话 朱令 去世 知名 媒体 朱令 去世 时 发过 新闻,,,,0
,,听 一点 八卦 铊 妈 二 婚嫁 铊 家 地位 依赖 铊 时代 圈子里 谁家 孩子 成绩 面子 铊 小时候 成绩 不错 太差 进 清华 活受罪 得力于 铊 爹 宣传 楼 铊 学习 铊 高考 成绩 远不如 朱令 铊 英语 真的 铊 惯 无法无天 爱 显摆 清华 民 乐团 捐款 数千元 几年 几千元 毕业生 北京 半年 工资,,,,0
,,广东 工业 大学 超话 抄 作业 咯,,,,0
,,发布 头条 文章 广东 工业 大学 堪称 工科 强校 理科 考生 重点 关注 广东 工业 大学 堪称 工科 强校 理科 考生 重点 关注,,,,0
,,广东 工业 大学 超话 金亚,,,,0
,,芬兰 狮子 骑士 勋章 官方 统计 自年 年 二十年 间 共有 十一位 中国 公民 获此 勋章 周莉 女士 第十一位 这枚 勋章 中国 公民 更是 史上 唯一 一位 芬中 体育运动 合作 领域 获此 殊荣 中国 快乐 运动 中国 计划 年前 中国 驻 芬兰 大使 杜钟瀛 年前 中国 驻 芬兰 商务 参赞 李 光云 年 同济大学 校长 裴钢 同济大学 设计 创意 学院 院长 兼中芬 中心 副 主任 娄永琪 年 中关村 软件园 驻 芬兰 代表 朱梓齐 公共 政府 事务 总负责人 袁晓宇 古琦 时装 北京 有限公司 总裁 薛锐霞 年 广东 工业 大学 艺术设计 学院 院长 方海 清华大学美术学院 教授 周浩 明年 诺基亚 贝尔 执行 副总裁 马涛 年 快乐 运动 体育 发展 集团 创始人 董事长 周莉 四川省 三八红旗手,,,,0
,,广东 工业 大学 超话 蒲城县 龙哥 微博 视频,,,,0
,,南安普顿 大学 院校 背景 考文 垂 大学 国内 院校 广东 工业 大学 国内 专业 工商管理 均分 考文 垂 专业 英国 留学 超话 出国 留学 超话 留学 中介 留学 申请 季,,,,0
,,广东 工业 大学 超话 全球 明星 孙维 排面 另一家 报纸,,,,0
,,广东 工业 大学 超话 小丑,,,,0
,,广东 工业 大学 超话 金亚 兽 舔 多久,,,,0
,,广东 工业 大学 超话 毒妇 死,,,,0
,,广东 工业 大学 超话 吐血 推荐,,,,0
,,广东 工业 大学 超话 有没有 环境 院 读研 兄弟姐妹,,,,0
,,广东 工业 大学 超话 几天 毒妇 乖不乖,,,,0
,,广东 工业 大学 超话 朱令 去世 澳洲 正义 最新 帖子 熟人 社会 邻居们 震惊 中 消化 看着 邻居 孙 维和 下毒 两种 形象 上年 朱令 做 头发 分析 还会 跟踪报道,,,,0
,,广东 工业 大学 超话 考 会计 审计 专硕 同学 复试 信息 导师 指导 免费 加 复试 企鹅 裙,,,,0
,,广东 工业 大学 超话 清华大学 超话 学生 学校 里 投毒 学校 协助 凶手 逃脱 法网 这是 一群 老师 物以类聚 个个 权利 正义 顶礼膜拜 膝盖骨 碎 舍得,,,,0
,,广东 工业 大学 超话 朱令 去世 日常 复习 孙维 易守难 攻 豪宅 地址,,,,0
,,广东 工业 大学 超话 金亚 兽 闪躲 坐实,,,,0
,,广东 工业 大学 超话 金亚 兽 狗 好像,,,,0
,,广东 工业 大学 超话 金亚 兽 怂,,,,0
,,广东 工业 大学 超话 金亚 兽 说说话 装孙子,,,,0
,,广东 工业 大学 超话 这人 说 找 金亚 兽,,,,0
,,广东 工业 大学 超话 朱令 去世 回 澳洲 孙维 过上 时刻 高度 紧张 害怕 拍 女明星 生活,,,,0
,,广东 工业 大学 超话 朱令 去世 两只 猫猫 介绍 莎 人犯 孙维 抓 微博 视频,,,,0
,,广东 工业 大学 超话 金亚 兽 狗 好像,,,,0
,,广东 工业 大学 超话 金亚 兽 怂,,,,0
,,广东 工业 大学 超话 金亚 兽 说说话 装孙子,,,,0
,,广东 工业 大学 超话 这人 说 找 金亚 兽,,,,0
,,广东 工业 大学 超话 凤凰 周刊 年 第二期 封面 朱令据 收到 说 内容 用心 一期 某宝 卖断 货 网友 说 某东 媒体 热度,,,,0
,,广东 工业 大学 超话 朱令 去世 回 澳洲 孙维 过上 时刻 高度 紧张 害怕 拍 女明星 生活,,,,0
,,广东 工业 大学 超话 朱令 去世 两只 猫猫 介绍 莎 人犯 孙维 抓 微博 视频,,,,0
,,广东 工业 大学 超话 朱令 去世 网友 猫猫 英文 对话 传播 孙维 下毒 事迹 随意 下载 在外 传播 微博 视频,,,,0
,,广东 工业 大学 超话 有没有 宝子 发小 红薯 彩妆 护肤 笔记 提供 文案 照片 一篇 发完 立结,,,,0
,,广东 工业 大学 超话 法治 社会 正义 何寻,,,,0
,,广东 工业 大学 超话 法治 社会 正义 何寻,,,,0
,,广东 工业 大学 超话 法治 社会 正义 何寻,,,,0
,,广东 工业 大学 考研 超话 打理 生活 中 柴米油盐 用心 日子 过得 诗意 盎然 一颗 热爱生活 心 年纪 由内而外 散发出 温柔 乐观,,,,0
,,广东 工业 大学 超话 朱令 去世 正义 网友 开发 出谷歌 地图 新 用法 孙维 住宅 民宿 公共设施 评分 区 科普 孙 铊 事迹 指路 报道 关键词,,,,0
,,广东 工业 大学 超话求 广工 机械 车辆 工程 复试 资料,,,,0
,,广东 工业 大学 超话 金亚 教授 相关 资料 保存 转载 朱令案 清华大学 多位 校友 证明 孙维 化学 馆 撒 谎,,,,0
,,广东 工业 大学 超话 朱令 去世 住 孙维 隔壁 孙维 公公 婆婆 家 易守难 攻 地形 微博 视频,,,,0
,,广东 工业 大学 超话 朱 妈妈 东方时空 访谈 中 提及 才女 女儿 中毒 生病 情形 惨不忍睹 一种 止疼药 片 没法 止疼 病痛 特别 痛苦 症状 肚子疼 说 疼 看不出 慢慢 腰疼 腿疼 肚子疼 全身 痛 头发 两三天 时间 掉 光疼 女儿身 痛 在我心中 我愿 女儿 承受 这年 悲惨 伤痛,,,,0
,,广东 工业 大学 超话 朱令 去世 网友 打卡 孙维 澳洲 住宅 孙维 特意 选择 私密性 很强 地方 居高临下 背面 大海 正对面 树林 符合 罪犯 希望 避人耳目 心理 天网恢恢 疏而不漏 隐秘 地方 发现 未来 只会 越来越 多人 打卡 微博 视频,,,,0
,,广东 工业 大学 超话 法治 社会 正义 何寻 长夜难明 信仰 崩塌,,,,0
,,广东 工业 大学 超话 法治 社会 正义 何寻 长夜难明 信仰 崩塌,,,,0
,,广东 工业 大学 超话 法治 社会 正义 何寻 长夜难明 信仰 崩塌,,,,0
,,广东 工业 大学 超话 法治 社会 正义 何寻 长夜难明 信仰 崩塌,,,,0
,,广东 工业 大学 超话 法治 社会 正义 何寻,,,,0
,,广东 工业 大学 超话 法治 社会 正义 何寻,,,,0
,,广东 工业 大学 超话 法治 社会 正义 何寻,,,,0
,,广东 工业 大学 超话 法治 社会 正义 何寻,,,,0
,,广东 工业 大学 考研 超话 打理 生活 中 柴米油盐 用心 日子 过得 诗意 盎然 一颗 热爱生活 心 年纪 由内而外 散发出 温柔 乐观,,,,0
,,广东 工业 大学 超话 朱令 去世 正义 网友 开发 出谷歌 地图 新 用法 孙维 住宅 民宿 公共设施 评分 区 科普 孙 铊 事迹 指路 报道 关键词,,,,0
,,广东 工业 大学 超话求 广工 机械 车辆 工程 复试 资料,,,,0
,,广东 工业 大学 超话 朱令 去世 澳洲 追 铊 图 一是 孙维 住宅 偶遇 铊 地方,,,,0
,,广东 工业 大学 超话 金亚 教授 相关 资料 保存 转载 朱令案 清华大学 多位 校友 证明 孙维 化学 馆 撒 谎,,,,0
,,广东 工业 大学 超话 朱令 去世 住 孙维 隔壁 孙维 公公 婆婆 家 易守难 攻 地形 微博 视频,,,,0
,,广东 工业 大学 超话 朱 妈妈 东方时空 访谈 中 提及 才女 女儿 中毒 生病 情形 惨不忍睹 一种 止疼药 片 没法 止疼 病痛 特别 痛苦 症状 肚子疼 说 疼 看不出 慢慢 腰疼 腿疼 肚子疼 全身 痛 头发 两三天 时间 掉 光疼 女儿身 痛 在我心中 我愿 女儿 承受 这年 悲惨 伤痛,,,,0
,,广东 工业 大学 超话 朱令 去世 网友 打卡 孙维 澳洲 住宅 孙维 特意 选择 私密性 很强 地方 居高临下 背面 大海 正对面 树林 符合 罪犯 希望 避人耳目 心理 天网恢恢 疏而不漏 隐秘 地方 发现 未来 只会 越来越 多人 打卡 微博 视频,,,,0
,,广东 工业 大学 超话 澳洲 小学 分为 四个 学期 第一个 学期 一月底 开学 网友 推测 孙维谢 飞宇 女儿 澳洲 华人 试试 蹲守 找 铊,,,,0
,,初试 年 广东 工业 大学 社会工作 社会工作 实务 考研 精品 资料 极速 浏览器 网页 链接,,,,0
,,广东 工业 大学 超话 朱令 去世 脑子里 办法 微博 视频,,,,0
,,广东 工业 大学 华立 学院 超话 华立 学院 辅导员,,,,0
,,直击 清澈 大学生 回答 消防安全 名 场面 遇见 蓝 朋友 第一期 蓝 朋友 来到 广东 工业 大学 随机 采访 几位 同学 消防 意识 到位 消防 出警 需不需要 收费 油锅 起火 面对 一个个 消防安全 同学 掉 坑 知识 储备量 满满的 童鞋 终究 魔法 打败 魔法 寒冬 不冷 守护 升温 广州 消防 微博 视频,,,,0
,,广东 工业 大学 超话 朱令 去世 电影 情节 海湾地区 真的 听到 戏剧性 事件 一位 孙 女性 引发 答案 肯定 铊 中毒事件 首次 证实 时孙维 否认 指控 否认 本周 回应 相关 斯蒂芬斯 港 当地人 互联网 研究 地区 奇怪 犯罪 公民 警察 脸书 网页 一名 当地人 建议 有人 孙 女士 拨打 帖子 匆忙 删除 越往 兔子 洞里 钻 听 越 糟糕 发现 真相 斯蒂芬斯 港 一名 当地人 说 孙 维和 丈夫 谢 飞宇 度假 日本 滑雪场 发来 短信 试图 朋友 指控 回来 时 难 平静 生活 中国 数百万 关注 孙维 网络 延伸 斯蒂芬斯 港 安静 街道,,,,0
,,直击 清澈 大学生 回答 消防安全 名 场面 遇见 蓝 朋友 第一期 蓝 朋友 来到 广东 工业 大学 随机 采访 几位 同学 消防 意识 到位 消防 出警 需不需要 收费 油锅 起火 面对 一个个 消防安全 同学 掉 坑 知识 储备量 满满的 童鞋 终究 魔法 打败 魔法 寒冬 不冷 守护 升温 广州 消防 微博 视频,,,,0
,,初试 年 广东 工业 大学 社会工作 社会工作 实务 考研 精品 资料 有事 搜一 搜 没事 看一看 网页 链接,,,,0
,,广东 工业 大学 超话 金 老师 上课,,,,0
,,帮 同学 查 广东 工业 大学 人工智能 方向 专业 想考 学校 计算机 方向 不想 考 参观 寒假 好好 梳理 考研 院校 方向 复习 择校 考研 考研 超话 寄宿 考研,,,,0
,,广东 工业 大学 超话 追凶,,,,0
,,广东 工业 大学 超话 网友 笔下 孙维 美颜 盛世 建议 做成 表情 包,,,,0
,,超话 全明星 周末 全明星 三分球 大赛 名单 全明星 周末 之同城 三分球 大赛 名单 王睿泽 青岛 贾明 儒龙狮 原帅 山西 齐麟 新疆 雷蒙大雷子 北京 罗 凯文 宁波 罗切斯特 天津 卢健豪 特邀 大学生 球员 广东 工业 大学 张佳滨 特邀 城外 卡 球员 城 三分球 大赛 预赛 月 日星 锐赛 赛后 预赛 前 三 球员 晋级 决赛 并于 月 日 全明星赛 中场 争夺 城 三分球 大赛 冠军 头衔 以城 之名,,,,0
,,广东 工业 大学 超话 铊 娘子 孙维 公主 包养 相公 金亚 教授 说 朱令 暗害 生不如死 活该,,,,0
,,广东 工业 大学 超话 捞 捞 国际 商务 学长 学姐,,,,0
,,广东 工业 大学 超话 广东 工业 大学 领导 过年 特意 问候 水杯 还好 牙刷 饭盒 隐形眼镜 盒 个人用品 放 有没有 金亚 同座 吃饭 近期 有没有 脱发 腹痛 现象 希望 安安心心 过大年,,,,0
,,广东 工业 大学 超话 善恶 终有 报 举头 三尺 神明,,,,0
,,广东 工业 大学 超话 回澳 澳洲 记者 真给力 邻居 发 信息 说 指控 傻子,,,,0
,,广东 工业 大学 超话 金亚 兽 年近半百 舔,,,,0
,,广东 工业 大学 超话 金亚 两篇 发 天涯 文章 金亚用 大号 太阳 正暖为 孙维 辩护 文章 小号 事件 发言 用大号 金亚 努力 假装 中立 客观 体面 读者 引导 暗示 孙维是 思路 完全一致 朱令 民 乐团 时间 小号 说话 时 字里行间 朱令 家庭 北京 身份 才华 清高 性格 嫉妒 阴暗 扭曲 心态 恨意,,,,0
,,广东 工业 大学 超话 香港媒体 星岛 环球 报道 孙维 现身 滑雪场,,,,0
,,广东 工业 大学 超话 选金亚 课,,,,0
,,广东 工业 大学 超话 金亚 啥时候 滚出 广工,,,,0
,,广东 工业 大学 超话 金亚 有没有 同学 分享 金亚 老师 上课 日常,,,,0
,,广东 工业 大学 超话 孩子 送 出国 留学 孩子 送 出国 留学 国内 同学 混得 希望 年龄 广阔 视野 职业 阅历 优质 人脉 境遇 格局 一位 父亲 启程 留学 孩子 留言,,,,0
,,广东 工业 大学 超话 初会 助学 计划 助学 福利 免费 领啦,,,,0
,,广东 工业 大学 超话 新年快乐 心照 昭 微博 视频,,,,0
,,广东 工业 大学 超话 网友 孙维 铊 党 邮件 制作 成 视频 微博 视频,,,,0
,,广东 工业 大学 超话 转载 朱令案 孙 铊 水军 常见 套路 一览 甩锅,,,,0
,,孙 作案 前 借阅 铊 中毒 书籍 广东 工业 大学 超话,,,,0
,,广东 工业 大学 超话,,,,0
,,广东 工业 大学 超话 广东 大学 超话,,,,0
,,广东 工业 大学 超话 朱令 同学 王 红梅 回忆 朱令 生前 趣事 西边 太阳 听 样子,,,,0
,,广东 工业 大学 超话 美的 令令,,,,0
,,广东 工业 大学 超话 令令 美,,,,0
,,广东 工业 大学 超话 金亚 兽 说说话 土鳖 笑话,,,,0
,,广东 工业 大学 超话 金亚 兽 说说话 装孙子,,,,0
,,广东 工业 大学 超话 广东 工业 大学 考研 超话 有没有 想 考广工 土木 结构力学 师弟 师妹 总成绩 高分 上岸 三位 师弟妹 成功 录取 成绩 辅导 私 广州 广东 工业 大学 大学城 校区,,,,0
,,广东 工业 大学 考研 超话 冬夏 坐在 开心,,,,0
,,发布 广东省 具备 保研 资格 高校 系列 介绍 广东 工业 大学 广东 工业 大学 探物 生涯 广东 高校 手快 手 秦校长 讲 学业 规划 快手 视频,,,,0
,,广东省 法学会 网络 电子商务 法学 研究会 年 年 暨 换届 大会 成功 举办 年月日 高质量 发展 背景 跨境 电商 人工智能 数据 法治 研究 学术 研讨会 暨 广东省 法学会 网络 电子商务 法学 研究会 年 学术年会 广东省 律师协会 跨境 电商 法律 专业 委员会 年 年 暨南大学 成功 举办 本次 会议 广东省 法学会 网络 电子商务 法学 研究会 主办 暨南大学 法学院 知识产权 学院 广东省 律师协会 跨境 电商 法律 专业 委员会 广州 商标 审查 协作 中心 广东省 知识产权 开发 服务中心 承办 远方 广州 商务 服务 有限公司 暨南大学 网络 信息 法治 研究院 北京 中银 广州 律师 事务所 协办 中国社会科学院 中国法学会 对外经济贸易大学 中山大学 华南理工大学 广东 财经大学 广东 工业 大学 暨南大学 广州 知识产权 法院 广州 互联网 法院 腾讯 唯品 会酷 狗 天猫 中国联通 广东 分公司 单位 专家学者 参加 会议 广东省 法学会 网络 电子商务 法学 研究会 年 年 暨 换届 大会 成功 举办,,,,0
,,广东 工业 大学 超话 朱令 去世 年 海外华人 论坛 讨论 朱令 室友 奇怪 态度,,,,0
,,广东 工业 大学 超话,,,,0
,,广东 工业 大学 超话 美的 令令,,,,0
,,广东 工业 大学 超话 令令 美,,,,0
,,广东 工业 大学 超话 金亚 兽 说说话 土鳖 笑话,,,,0
,,广东 工业 大学 超话 金亚 兽 说说话 装孙子,,,,0
,,广东 工业 大学 超话 广东 工业 大学 考研 超话 有没有 想 考广工 土木 结构力学 师弟 师妹 总成绩 高分 上岸 三位 师弟妹 成功 录取 成绩 辅导 私 广州 广东 工业 大学 大学城 校区,,,,0
,,广东 工业 大学 考研 超话 冬夏 坐在 开心,,,,0
,,发布 广东省 具备 保研 资格 高校 系列 介绍 广东 工业 大学 广东 工业 大学 探物 生涯 广东 高校 手快 手 秦校长 讲 学业 规划 快手 视频,,,,0
,,广东省 法学会 网络 电子商务 法学 研究会 年 年 暨 换届 大会 成功 举办 年月日 高质量 发展 背景 跨境 电商 人工智能 数据 法治 研究 学术 研讨会 暨 广东省 法学会 网络 电子商务 法学 研究会 年 学术年会 广东省 律师协会 跨境 电商 法律 专业 委员会 年 年 暨南大学 成功 举办 本次 会议 广东省 法学会 网络 电子商务 法学 研究会 主办 暨南大学 法学院 知识产权 学院 广东省 律师协会 跨境 电商 法律 专业 委员会 广州 商标 审查 协作 中心 广东省 知识产权 开发 服务中心 承办 远方 广州 商务 服务 有限公司 暨南大学 网络 信息 法治 研究院 北京 中银 广州 律师 事务所 协办 中国社会科学院 中国法学会 对外经济贸易大学 中山大学 华南理工大学 广东 财经大学 广东 工业 大学 暨南大学 广州 知识产权 法院 广州 互联网 法院 腾讯 唯品 会酷 狗 天猫 中国联通 广东 分公司 单位 专家学者 参加 会议 广东省 法学会 网络 电子商务 法学 研究会 年 年 暨 换届 大会 成功 举办,,,,0
,,广东 工业 大学 超话 朱令 去世 年 海外华人 论坛 讨论 朱令 室友 奇怪 态度,,,,0
,,广东 工业 大学 超话,,,,0
,,广东 工业 大学 超话 金亚 兽 你家 娘子 跑 日本 排污 区,,,,0
,,广东 工业 大学 超话 金亚 兽 你家 娘子,,,,0
,,广东 工业 大学 超话 金亚 兽 滚出来 说说话,,,,0
,,广东 工业 大学 超话 朱令 去世 年 好消息 天涯 论坛 重启,,,,0
,,广东 两会 聚焦 不辞 长作 岭南 第二场 委员 通道 收官 一文 读懂 现场 干货 月 日 下午 政协 第十三届 广东省 委员会 第二次 会议 第二场 委员 通道 开启 界别 领域 六位 省政协 委员 走上 通道 围绕 经贸合作 智能 制造 体育 教育 港澳 青年 发展 农产品 出村 露营 经济 主题 传递 民情 民意 回应 民生 关切 共谋 发展 良策 六位 省政协 委员 广东省 新阶联 副会长 曹志伟 广州 华工 信元 通信 技术 有限公司 董事长 吴芳 广州市 从化华隆 果菜 保鲜 有限公司 董事长 欧阳建 忠 中山大学 附属 第一 医院 耳鼻咽 喉科 副 主任 李健 广东 工业 大学 党委 常委 统战部 部长 李靖 茂 澳门 黎氏 企业 控股 有限公司 行政 总裁 黎鸣山,,,,0
,,广东 工业 大学 超话 朱令 去世 孙维谢 飞宇 澳洲 生活 轨迹,,,,0
,,广东 工业 大学 超话 正义 迟来 缺席,,,,0
,,广东 工业 大学 超话 中国 人才 校要 聘请 投毒 嫌疑犯 教书 想 红 年代 想 教员 网络 示众 提高 知名度 网红 学校,,,,0
,,广东 工业 大学 会计 专硕 直系 学长 学姐 想 问 复试 事情,,,,0
,,广东 工业 大学 超话 上课 老师 觉着 膈 应,,,,0
,,广东 工业 大学 超话 新 好消息,,,,0
,,广东 工业 大学 超话 这群 王八蛋 告诉 道理 世道 不要脸 不要脸 挣到 钱 不要脸 过街老鼠 不要脸 趋炎附势 荣华富贵,,,,0
,,广东 工业 大学 考研 超话 找 考研 复试 调剂 搭子 经济 类 互相监督 学习 模拟 面试 金融 专硕,,,,0
,,广东 工业 大学 超话 祝贺 世界 模特大赛 中国 总决赛 中 艺术 设计 学院 表演 专业级 陈栩蔚 获 总冠军 最佳 上镜 奖图 二级 史朝红 获 比基尼 超模 大赛 亚军 图 三级 隋赫晓获 总决赛 十佳 模特 奖图 四 左二,,,,0
,,广东 工业 大学 超话 遛狗,,,,0
,,广东 工业 大学 超话 朱令 去世 孙 大武 公众 号 老孙 西游 微博 视频,,,,0
,,广东 工业 大学 超话 朱令 去世 金亚 重温 清华 同学 孙维 三个 舍友 爆料,,,,0
,,广东 工业 大学 超话 金牙 缩头乌龟 这辈子 娘子 害惨 打算 说 两句,,,,0
,,广东 工业 大学 超话 朱令 去世 天涯社区 官方 账号 记录 历史,,,,0
,,广东 工业 大学 超话,,,,0
,,围脖 侠图 一中 智力 障碍 文字 把把关 违法 带有 攻击性 诬陷 性 网名 广东 工业 大学 超话 网络 暴力,,,,0
,,广东 工业 大学 超话 捂 嘴 孙 娘子 依然 一只 癞蛤蟆,,,,0
,,广东 工业 大学 超话 澳热 搜 第一,,,,0
,,广东 工业 大学 超话 删 五六次,,,,0
,,广东 工业 大学 超话,,,,0
,,广东 工业 大学 超话,,,,0
,,广东 工业 大学 超话 朱令 去世 年 贝志诚 豆瓣 小组 发贴 系统 解释 孙维是 嫌疑人,,,,0
,,广东 工业 大学 超话 朱令 去世 网友 分享 感谢 邮件,,,,0
,,广东 工业 大学 超话 当初 知情者 参与者 收买 封口 孙 家族 周边 权势 孙 一贯 为人处事 这是,,,,0
,,广东 工业 大学 超话 恶魔 公开挑衅 嘲弄 这国 这民去 日本 长野 滑雪 是因为 白马 滑雪场 下图 天 雷劈 死 肯定 祸及 几代,,,,0
,,广东 工业 大学 超话 朱令 去世 孙维 维基百科 更新 孙维 请愿 驱逐 报道 新闻,,,,0
,,广东 工业 大学 超话 内部 邪恶 分子 嚣张 国家 放 人民 视频 人民日报 央视 新闻 张捷 观察 谁是谁非 评说 令 爱相随 小编 中国 新闻周刊 澎湃 新闻 中国政府 网,,,,0
,,广东 工业 大学 超话 今日 话题 孙维孙释 颜是 窝瓜 蛤蟆,,,,0
,,广东 工业 大学 超 话本 府 铡刀 问 有罪 无罪 皇亲国戚 庞昱 犯法 依律 斩 国舅 侯爷 府 铡,,,,0
,,玩 手机 管不住 眼看 毕业 芒果 超话 信阳 师范学院 超话 田静 老师 超话 读书 超话 手机 超话 国考 超话 考研 超话 法考 超话 超话易 烊 千玺 更好 超话 高考 超话 公务员 超话 法硕 超话 四六级 超话 教师 资格证 超话 张 雪峰 超话 周思成 英语 超话 考研 政治 徐涛 超话 英语 超话 郑州大学 超话 广东 工业 大学 超话 男 大学生 健身 日常 超话 河南师范大学 超话 校园 超话 追光 微博 视频,,,,0
,,真的 哭 这辈子 逃离 广东 工业 大学,,,,0
,,广东 工业 大学 超话 总冠军 广工 陈栩蔚 总冠军 广工 陈栩蔚,,,,0
,,广东 工业 大学 超话 金牙 缩头乌龟 这辈子 娘子 害惨 打算 说 两句,,,,0
,,广东 工业 大学 超话 朱令 去世 天涯社区 官方 账号 记录 历史,,,,0
,,广东 工业 大学 超话,,,,0
,,广东 工业 大学 超话 中文 报道 孙维 澳洲 华人 请愿 驱逐,,,,0
,,围脖 侠图 一中 智力 障碍 文字 把把关 违法 带有 攻击性 诬陷 性 网名 广东 工业 大学 超话 网络 暴力,,,,0
,,广东 工业 大学 超话 捂 嘴 孙 娘子 依然 一只 癞蛤蟆,,,,0
,,广东 工业 大学 超话 澳热 搜 第一,,,,0
,,广东 工业 大学 超话 删 五六次,,,,0
,,广东 工业 大学 超话,,,,0
,,广东 工业 大学 超话,,,,0
,,广东 工业 大学 超话 朱令 去世 年 贝志诚 豆瓣 小组 发贴 系统 解释 孙维是 嫌疑人,,,,0
,,广东 工业 大学 超话 朱令 去世 网友 分享 感谢 邮件,,,,0
,,广东 工业 大学 超话 当初 知情者 参与者 收买 封口 孙 家族 周边 权势 孙 一贯 为人处事 这是,,,,0
,,广东 工业 大学 超话 恶魔 公开挑衅 嘲弄 这国 这民去 日本 长野 滑雪 是因为 白马 滑雪场 下图 天 雷劈 死 肯定 祸及 几代,,,,0
,,广东 工业 大学 超话 朱令 去世 孙维 维基百科 更新 孙维 请愿 驱逐 报道 新闻,,,,0
,,广东 工业 大学 超话 内部 邪恶 分子 嚣张 国家 放 人民 视频 人民日报 央视 新闻 张捷 观察 谁是谁非 评说 令 爱相随 小编 中国 新闻周刊 澎湃 新闻 中国政府 网,,,,0
,,广东 工业 大学 超话 今日 话题 孙维孙释 颜是 窝瓜 蛤蟆,,,,0
,,广东 工业 大学 超 话本 府 铡刀 问 有罪 无罪 皇亲国戚 庞昱 犯法 依律 斩 国舅 侯爷 府 铡,,,,0
,,广东 工业 大学 超话 加油 啊啊啊,,,,0
,,广东 工业 大学 超话 朱令 去世 学校 学生 真 倒霉 平时 感到 重金属 身边 环绕 有没有 心理 阴影,,,,0
,,广东 工业 大学 超话 朱令 去世 国内 媒体 南方 都市报 没什么 一手 信息 跟进 报道,,,,0
,,高校 人才 招聘 广东 身边 事 广州 华立 学院 学历 硕士 招聘 岗位 专任教师 学术 带头人 学术 骨干 优秀青年 博士 应聘 条件 广州 华立 学院 年 教师 招聘启事 学校 介绍 广州 华立 学院 原 广东 工业 大学 华立 学院 建于 年 年 教育部 批准 广东省 第一批 独立 学院 全面实施 本科 教育 年经 教育部 同意 转设 广州 华立 学院 学校 现有 广州 增城 江门 银 湖湾 两个 校区 校园 占地近 亩 一所 工学 经济学 管理学 文学艺术 学 教育学 学科 协调 发展 毕业生 就业率 位居 省内 高校 前列 应用型 本科 大学,,,,0
,,广东 工业 大学 超话 每日 日常,,,,0
,,广东 工业 大学 师生 保护 报 学校 性命 堪忧,,,,0
,,学院奖 秋季 征集 大赛 青年 创意 观 优秀作品 欣赏 作品名称 你好 气色 尽显 东方 美 命题 企业 桃花 姬 作品 类别 平面广告 作者 谢雨婷 王子 怡 指导 教师 周文娟 参赛 院校 广东 工业 大学 广州 校区 创意 思想 选择 电梯 广告 载体 当代 年轻 白领 三种 痛点 场景 熬夜 加班 出差 应酬 选择 桃花 姬 东方 美的 中国 古代 四大美女 之三 西施 王昭君 杨贵妃 故事 西子捧心 昭君 出塞 贵妃醉酒 三个 场景 当代 年轻 白领 三种 工作 场景 状态 相结合 熬夜 气色 差 出差 面容 憔悴 应酬 肤色 暗沉 三个 场景 桃花 姬 拥有 美容 养颜 增补 气色 功效 女性 气色 变 体现 随时随地 食用 产品 属性 女性 白领 共鸣 购买欲 体现 桃花 姬 阿胶 糕 当代 年轻人 场景 作用 美容 养颜 增补 气色 功效 随时随地 食用 产品 属性,,,,0
,,广东 工业 大学 超话 东野 圭 吾 恶意 中有 一句 不寒而栗 旁白 恨 缘由 优秀 天赋 善良 幸福 原罪,,,,0
,,广东 工业 大学 超话 朱令 去世 孙维去 长野 随便 找个 地方 度假 世界 知名 侦探小说 家 阿加莎 克里斯蒂 小说 白马 酒店 中 描述 凶手 铊 杀人 首个 描写 铊 毒性 小说 孙维 滑雪 地点 日本 长野 白马 滑雪场 孙维 挑衅 诛心 挑战 公序良 俗 希望 海外 同胞 海外 平台 发 一发 交给 媒体 正义 之士 真相 出手,,,,0
,,最新 广东 工业 学校 花获 世界 模特大赛 中国区 冠军 世界 模特大赛 陈栩蔚 吕 燕麦 可思 微博 视频,,,,0
,,广东 工业 大学 超话 孙 毒妇 金 寡妇 天生一对 锁死,,,,0
,,广东 工业 大学 金叫 兽 滚出来 穿 新 衣服,,,,0
,,广东 工业 大学 超话 孙维孙释 颜 日本 王局 邀请 节目 孙维有 凤凰卫视 接受 采访 越描越黑 经历 估计,,,,0
,,广东 工业 大学 超话 白俄罗斯 留学 项目 费用 低 性价比 高 一年 即可 毕业证 无需 雅思 托福 感兴趣 同学 快快 咨询,,,,0
,,广东 工业 大学 超话 朱令 去世 孙维孙释 颜 最新 信息 汇总 微博 视频,,,,0
,,广东 工业 大学 超话 网友 孙维 滑雪 新 作图,,,,0
,,上周 广东 工业 大学 第十四届 全国 美展 广州 看稿 分享 心得,,,,0
,,广东 工业 大学 考研 超话 有没有 经济学 上岸 学长 学姐 有偿 求 资料,,,,0
,,广东 工业 大学 超话 朱令 去世 年 天涯 论坛 对话 知情 网友 指出 孙维 年 认罪 孙维 回复 说 预设立场 谣言 回答,,,,0
,,广东 工业 大学 超话 积善 之家 必有 余庆 积 不善 之家必 有余 殃,,,,0
,,广东 工业 大学 超话 何家弘 朱令案 可用 排除法 认定,,,,0
,,广东 工业 大学 超话 近期 公关 危机 华中农业大学 贵校 方式 截然不同 领导层 格局 体现,,,,0
,,广东 工业 大学 超话 广东 南方 都市报 行业 楷模 贵校 领导 啧啧 啧护 人渣 护 真紧,,,,0
,,广东 工业 大学 超话 广东 南方 都市报 贵校 管理层 啧啧 啧,,,,0
,,广东 工业 大学 超话 加油 啊啊啊,,,,0
,,广东 工业 大学 超话 朱令 去世 学校 学生 真 倒霉 平时 感到 重金属 身边 环绕 有没有 心理 阴影,,,,0
,,广东 工业 大学 超话 朱令 去世 国内 媒体 南方 都市报 没什么 一手 信息 跟进 报道,,,,0
,,高校 人才 招聘 广东 身边 事 广州 华立 学院 学历 硕士 招聘 岗位 专任教师 学术 带头人 学术 骨干 优秀青年 博士 应聘 条件 广州 华立 学院 年 教师 招聘启事 学校 介绍 广州 华立 学院 原 广东 工业 大学 华立 学院 建于 年 年 教育部 批准 广东省 第一批 独立 学院 全面实施 本科 教育 年经 教育部 同意 转设 广州 华立 学院 学校 现有 广州 增城 江门 银 湖湾 两个 校区 校园 占地近 亩 一所 工学 经济学 管理学 文学艺术 学 教育学 学科 协调 发展 毕业生 就业率 位居 省内 高校 前列 应用型 本科 大学,,,,0
,,广东 工业 大学 超话 每日 日常,,,,0
,,广东 工业 大学 师生 保护 报 学校 性命 堪忧,,,,0
,,学院奖 秋季 征集 大赛 青年 创意 观 优秀作品 欣赏 作品名称 你好 气色 尽显 东方 美 命题 企业 桃花 姬 作品 类别 平面广告 作者 谢雨婷 王子 怡 指导 教师 周文娟 参赛 院校 广东 工业 大学 广州 校区 创意 思想 选择 电梯 广告 载体 当代 年轻 白领 三种 痛点 场景 熬夜 加班 出差 应酬 选择 桃花 姬 东方 美的 中国 古代 四大美女 之三 西施 王昭君 杨贵妃 故事 西子捧心 昭君 出塞 贵妃醉酒 三个 场景 当代 年轻 白领 三种 工作 场景 状态 相结合 熬夜 气色 差 出差 面容 憔悴 应酬 肤色 暗沉 三个 场景 桃花 姬 拥有 美容 养颜 增补 气色 功效 女性 气色 变 体现 随时随地 食用 产品 属性 女性 白领 共鸣 购买欲 体现 桃花 姬 阿胶 糕 当代 年轻人 场景 作用 美容 养颜 增补 气色 功效 随时随地 食用 产品 属性,,,,0
,,广东 工业 大学 考研 超话 学无止境 研途 漫漫 愿 矢志不渝 砥砺 前行,,,,0
,,广东 工业 大学 超话 东野 圭 吾 恶意 中有 一句 不寒而栗 旁白 恨 缘由 优秀 天赋 善良 幸福 原罪,,,,0
,,广东 工业 大学 超话 超话 全是 案件 说 承认 发声 风波 遗忘 风波 声音 越来越 身边 指点 披露 任何时刻 私生活 贴 删 国际 不好 删别 国际 人尽皆知 拖家带口 驱逐出境,,,,0
,,广东 工业 大学 超话 麻烦 请愿 网站 投 投票 操作 邮箱地址 发给 雪 月 这位 朋友 帮忙 代签 邮箱,,,,0
,,广东 工业 大学 超话 畜牲 不得好死 看不到 儿子 追凶,,,,0
,,广东 工业 大学 人狗 条 狗,,,,0
,,广东 工业 大学 超话 澳媒 曝光 孙维 近照 朱令 去世 每日 邮报 记者 澳大利亚人 报 同行 干得 出色 成功 拍到 图片 报道 晚 希望 读者 关注 两周 两位 记者 中国 志愿者 团队 配合 调查 工作 当年 朱玲 父母 转信 克林顿 总统 美国大使馆 医生 还会 陆续 报道 外媒 关注 越来越,,,,0
,,广东 工业 大学 超话 公主 殿 日本,,,,0
,,广东 工业 大学 超话 大妈,,,,0
,,广东 工业 大学 超话 孙 某人 一人得道 鸡犬升天 为非作歹 祸害 万年,,,,0
,,广东 工业 大学 超话 金亚 证件照 凶广工 学子 金亚 对视 时有,,,,0
,,广东 工业 大学 超话 朋友 最新进展 辛苦 感谢 发声 关注 希望,,,,0
,,广东 工业 大学 超 话 丷 世界末日 丷 金 亚 妈 一坨 屎 稀 老子 甩 墙上,,,,0
,,广东 工业 大学 超 话 丷 世界末日 丷 不去 亖 毒妇 恶毒 丑陋,,,,0
,,广东 工业 大学 超话 转给 金亚,,,,0
,,完 文章 真心 美国 校园 体育赛事 系统化 商业化 美国 体育 强国 基础 少不了 航空 文化 发达 希望 校园 中能 耐克 高中 篮球联赛 比赛 机会 希望 广东 工业 大学 坐 包机 飞 北京 再度 挑战 清华 皇者 地位,,,,0
,,广东 工业 大学 考研 超话 信息 工程学院 新一代 通信工程 复试 笔试 资料 四门 课 期末试卷 本科 广工 信工 通信工程 专业本科 上课 复试 刷题 题库 电子书 学习 视频 专业课 面试 资料 通信 新一代 方向 涉及 科目 高频 包括 通信 原理 模数 电 电路 数字 信号处理 信工 复试 面经 导师 研究 方向 含 联系方式 偏好 选择 导师 导师 避雷 常规 面试 资料 英语 问答 自我介绍 模版 中英文 年 复试 真实 问到 聊聊 复试 相关 内容 广州 广东 工业 大学 大学城 校区 工学 号馆,,,,0
,,广东 工业 大学 超话 信息 工程学院 新一代 通信工程 复试 笔试 资料 四门 课 期末试卷 本科 广工 信工 通信工程 专业本科 上课 复试 刷题 题库 电子书 学习 视频 专业课 面试 资料 通信 新一代 方向 涉及 科目 高频 包括 通信 原理 模数 电 电路 数字 信号处理 信工 复试 面经 导师 研究 方向 含 联系方式 偏好 选择 导师 导师 避雷 常规 面试 资料 英语 问答 自我介绍 模版 中英文 年 复试 真实 问到 聊聊 复试 相关 内容 广州 广东 工业 大学 大学城 校区 工学 号馆,,,,0
,,广东 工业 大学 超话 有没有 宝子 发小 红薯 彩妆 护肤 笔记 提供 文案 照片 一篇 发完 立结,,,,0
,,广东 工业 大学 超话 大学 正义 学生 金 兽 近照 爆,,,,0
,,学院奖 秋季 征集 大赛 青年 创意 观 优秀作品 欣赏 作品名称 这颗 牙齿 喜欢 躺 命题 企业 云南白药 金口 健 作品 类别 产品包装 设计 作者 丁思益 指导 教师 周文娟 参赛 院校 广东 工业 大学 广州 校区 创意 思想 作品 围绕 牙刷 舒适 展开 创作 网络 老梗 葛优 躺 里 躺 动词 体现 舒适 贴近 世代 年轻人 喜好 作品 躺 沙发 浴缸 床 更好 体现 牙刷 舒适 而图 中 影子 物品 拼凑出 一把 云南白药 彩虹 牙刷 画面 创意,,,,0
,,广东 工业 大学 超话 请愿 投票 创新 高 加油,,,,0
,,广东 工业 大学 超话 金亚 教授 问候 走 两步,,,,0
,,广东 工业 大学 超话 稳步前进 全国 稳步前进 全国,,,,0
,,广东 工业 大学 超话 明目张胆 家庭 全国 全世界 面前 摧毁 恶性 犯罪 不受 惩罚 关注 所有人 遗忘 不用 提 法律 公平正义 人民,,,,0
,,广东 工业 大学 超话 最新 落地 日本 无处可逃,,,,0
,,教育 信息化 网络 性能 监测 系统 校园网 中 学校 信息化 建设 快速 发展 网络 用户数量 增长 互联网 越来越 学校 建成 覆盖 全校 网络系统 包括 有线 无线网络 数据中心 网络 出口 网络安全 系统 服务 全校师生 网络 接入 校园 各类 系统 公众 教育 需求 校园网 网络 规模 爆发性 增长 运维 人员 数量 成本 成 比例 增加 运维 人力资源 压力 越来越 少 运维 人员 维护 大规模 网络 管理人员 思考 广东 工业 大学 网络 信息 教育 技术 中心 冯广 分享 详情 网络 性能 监测 系统 校园网 中,,,,0
,,广东 工业 大学 超话 有人 认出 这是 哪位 女明星,,,,0
,,倾心 独恋 广发 证券 王琪 爱 美丽 天空 孙 同学 广东 工业 大学,,,,0
,,广东 工业 大学 计算机技术 专业 年 改考 数学二 英语 二 年 计算机技术 专硕 录取 平均 分为 分相较 年 增加 分 报考 院校 年 平均分 上涨 趋势 选择 学校 时 建议 综合 学校 实力 专业 排名 考试 科目 复试 科目 关键 信息 选择 调剂 考生 一同 复试 学校 提高 优势 避开 难度 较大 学校 实力 评估 选择 考上 学校 计算机 考研 考研 考研 上岸 考研 择校 学姐 学长 经验 分享,,,,0
,,广东 工业 大学 超话 金 教授 同伙 逃 日本 滑雪,,,,0
,,完 文章 真心 美国 校园 体育赛事 系统化 商业化 美国 体育 强国 基础 少不了 航空 文化 发达 希望 校园 中能 耐克 高中 篮球联赛 比赛 机会 希望 广东 工业 大学 坐 包机 飞 北京 再度 挑战 清华 皇者 地位,,,,0
,,完 文章 真心 美国 校园 体育赛事 系统化 商业化 美国 体育 强国 基础 少不了 航空 文化 发达 希望 校园 中能 耐克 高中 篮球联赛 比赛 机会 希望 广东 工业 大学 坐 包机 飞 北京 再度 挑战 清华 皇者 地位,,,,0
,,完 文章 真心 美国 校园 体育赛事 系统化 商业化 美国 体育 强国 基础 少不了 航空 文化 发达 希望 校园 中能 耐克 高中 篮球联赛 比赛 机会 希望 广东 工业 大学 坐 包机 飞 北京 再度 挑战 清华 皇者 地位,,,,0
,,广东 工业 大学 超话 坐车 次次 学校 站 晕车 毒物,,,,0
,,完 文章 真心 美国 校园 体育赛事 系统化 商业化 美国 体育 强国 基础 少不了 航空 文化 发达 希望 校园 中能 耐克 高中 篮球联赛 比赛 机会 希望 广东 工业 大学 坐 包机 飞 北京 再度 挑战 清华 皇者 地位,,,,0
,,奔走相告 澳洲 清华大学 广东 工业 大学 超话,,,,0
,,广东 工业 大学 超话 金亚 旧照 老师 地狱 恶灵,,,,0
,,广东 工业 大学 超话 金亚 听说 金亚 广工 原因,,,,0
,,广东 工业 大学 超话 来罗来 啰 没见 肥 公主 更美,,,,0
,,广东 工业 大学 超话 渺小 尘埃 亿万 颗 尘埃 汇集 一座 正义 山 微薄 之力 关注 推进 热度 罪恶 灵魂 安生,,,,0
,,广东 工业 大学 超话 请 相互 传阅 相互 转发 全世界 听到 丷 世界末日 丷 广东 工业 大学 清华大学 北京协和医院 装孙子 能装 多久,,,,0
,,广东 工业 大学 超话 雇 黑人 打手 不错 选择,,,,0
,,广东 工业 大学 考研 超话家 心中 温暖 港湾 家人 闲坐 灯火 可亲 人生 美好 时光,,,,0
,,广东 工业 大学 超话 东西 分享 小红书 转来 真想 转给 乐呵乐 猫猫 又爔 爔 微 博 视频,,,,0
,,完 文章 真心 美国 校园 体育赛事 系统化 商业化 美国 体育 强国 基础 少不了 航空 文化 发达 希望 校园 中能 耐克 高中 篮球联赛 比赛 机会 希望 广东 工业 大学 坐 包机 飞 北京 再度 挑战 清华 皇者 地位,,,,0
,,广东 工业 大学 超话 金 老师 我来 打卡,,,,0
,,广东 工业 大学 揭阳 校区 超话,,,,0
,,完 文章 真心 美国 校园 体育赛事 系统化 商业化 美国 体育 强国 基础 少不了 航空 文化 发达 希望 校园 中能 耐克 高中 篮球联赛 比赛 机会 希望 广东 工业 大学 坐 包机 飞 北京 再度 挑战 清华 皇者 地位,,,,0
,,广东 工业 大学 金叫 兽 滚出来,,,,0
,,广东 工业 大学 超话 民膏民脂 何其 香,,,,0
,,完 文章 真心 美国 校园 体育赛事 系统化 商业化 美国 体育 强国 基础 少不了 航空 文化 发达 希望 校园 中能 耐克 高中 篮球联赛 比赛 机会 希望 广东 工业 大学 坐 包机 飞 北京 再度 挑战 清华 皇者 地位,,,,0
,,完 文章 真心 美国 校园 体育赛事 系统化 商业化 美国 体育 强国 基础 少不了 航空 文化 发达 希望 校园 中能 耐克 高中 篮球联赛 比赛 机会 希望 广东 工业 大学 坐 包机 飞 北京 再度 挑战 清华 皇者 地位,,,,0
,,完 文章 真心 美国 校园 体育赛事 系统化 商业化 美国 体育 强国 基础 少不了 航空 文化 发达 希望 校园 中能 耐克 高中 篮球联赛 比赛 机会 希望 广东 工业 大学 坐 包机 飞 北京 再度 挑战 清华 皇者 地位,,,,0
,,完 文章 真心 美国 校园 体育赛事 系统化 商业化 美国 体育 强国 基础 少不了 航空 文化 发达 希望 校园 中能 耐克 高中 篮球联赛 比赛 机会 希望 广东 工业 大学 坐 包机 飞 北京 再度 挑战 清华 皇者 地位,,,,0
,,完 文章 真心 美国 校园 体育赛事 系统化 商业化 美国 体育 强国 基础 少不了 航空 文化 发达 希望 校园 中能 耐克 高中 篮球联赛 比赛 机会 希望 广东 工业 大学 坐 包机 飞 北京 再度 挑战 清华 皇者 地位,,,,0
,,广东 工业 大学 超话 坐车 次次 学校 站 晕车 毒物,,,,0
,,完 文章 真心 美国 校园 体育赛事 系统化 商业化 美国 体育 强国 基础 少不了 航空 文化 发达 希望 校园 中能 耐克 高中 篮球联赛 比赛 机会 希望 广东 工业 大学 坐 包机 飞 北京 再度 挑战 清华 皇者 地位,,,,0
,,完 文章 真心 美国 校园 体育赛事 系统化 商业化 美国 体育 强国 基础 少不了 航空 文化 发达 希望 校园 中能 耐克 高中 篮球联赛 比赛 机会 希望 广东 工业 大学 坐 包机 飞 北京 再度 挑战 清华 皇者 地位,,,,0
,,奔走相告 澳洲 清华大学 广东 工业 大学 超话,,,,0
,,广东 工业 大学 超话 金亚 旧照 老师 地狱 恶灵,,,,0
,,广东 工业 大学 超话 金亚 听说 金亚 广工 原因,,,,0
,,广东 工业 大学 超话 来罗来 啰 没见 肥 公主 更美,,,,0
,,广东 工业 大学 超话 渺小 尘埃 亿万 颗 尘埃 汇集 一座 正义 山 微薄 之力 关注 推进 热度 罪恶 灵魂 安生,,,,0
,,广东 工业 大学 超话 请 相互 传阅 相互 转发 全世界 听到 丷 世界末日 丷 广东 工业 大学 清华大学 北京协和医院 装孙子 能装 多久,,,,0
,,广东 工业 大学 超话 雇 黑人 打手 不错 选择,,,,0
,,广东 工业 大学 超话 锲而不舍,,,,0
,,玩儿 超话 广东 工业 大学 超话 童生 头衔 广东 工业 大学 超话 找我聊 天 你划 重点,,,,0
,,考研 超话 广东 工业 大学 超话,,,,0
,,广东 工业 大学 超话 公主 驾到,,,,0
,,广东 工业 大学 超话 公主 驾到 通通 闪开,,,,0
,,广东 工业 大学 超话 玩意 东西 配 做人,,,,0
,,广东 工业 大学 超话 虫 叔 最新 爆料 蒲城县 石子 馍 微博 视频,,,,0
,,广东 工业 大学 超话 猜 怎么着 清算 慢慢,,,,0
,,广东 工业 大学 超 话 丷 世界末日 丷 娘子 学跳 科目 三 蒲城县 石子 馍 微博 视频,,,,0
,,广东 工业 大学 超话 打算 装聋作哑,,,,0
,,广东 工业 大学 超话 想来 捞 广工 上岸 学姐 学长 询问 复试 事项,,,,0
,,广东 工业 大学 超话,,,,0
,,广东 工业 大学 超话 薅 羊毛 快上车 薅 羊毛 朋友,,,,0
,,请问 南粤 清风 广东省委 组织部 实名 举报 广东 工贸 职业 技术 学院 党委书记 何汉武 有没有 人管 何汉 武任 广东 工业 大学 机电 学院 副 院长 广东 工业 大学 教务处 长 期间 违纪 违法 拉选票 腐败 重用 何汉武 任职 院长 党委书记 期间 费用 情况 惊天动地 广东省 人民政府 门户网站 微言 教育 广东 发布 中国政府 网 广东 检察 广东省教育厅 广东省科技厅,,,,0
,,广东 工业 大学,,,,0
,,广东 工业 大学 超话 小红书 发声 同款 封号 发 两条 相关 封号 一个月 太 恶心,,,,0
,,班长 答疑 答疑 班长 你好 本科 广东 工业 大学 专业 计算机科学 技术 大三 雅思 两段 厂 实习 若干 奖学金 港三和范有 机会 哭 惹 哭 惹 香港 留学 香港 研究生,,,,0
,,广东 工业 大学 超话 朱令 去世 金亚 视频 介绍 微博 视频,,,,0
,,广东 工业 大学 超话 听说 金亚 教授 华南理工大学 投诉 隔壁 广工 是因为 广工 校长 清华大学 届 化学系 邱学青 广工 创始人 孙越崎,,,,0
,,广东 工业 大学 超话 朱令 去世 美国 媒体 报道 朱令案 出自 知名 华裔 记者 李 佳佳,,,,0
,,广东 工业 大学 超话 朱令 去世 薛刚 李含琳 薛刚 李含琳 夫妇 最新进展 两个 领英 主页 清空 更多人 同事 上司 两个 工作 变动 波士顿 华人 打听 打听,,,,0
,,广东 工业 大学 超话 朱令 去世 年 五一 假期 宿舍 盗窃案 前 发生,,,,0
,,广东 工业 大学 超话 有偿 求 会计 专硕 复试 资料,,,,0
,,广东 工业 大学 超话 朱令 去世 孙 茉莉 指望 国内 媒体 挖掘 信息 当好 搬运工 不错,,,,0
,,广东 工业 大学 超话 小红书 说 这段话 违规,,,,0
